
----------------------------------------DATOS PARA LA TABLA PERFIL----------------------------

INSERT INTO PERFIL VALUES ( 'ADMINISTRADOR');
INSERT INTO PERFIL VALUES ('USUARIO');


----------------------------------------DATOS PARA LA TABLA SOCIO----------------------------

INSERT INTO SOCIOS VALUES
(INCREMENTO_IDSOCIOS.NEXTVAL,'Juan' ,'Sanchez','05/06/1965','12345789M','945101010','juan@gmail.com','ADMINISTRADOR','01/04/2019', NULL, NULL);
INSERT INTO SOCIOS VALUES
(INCREMENTO_IDSOCIOS.NEXTVAL,'Ana','Santos','15/03/1975','96508742D','945101011','ana@gmail.com','ADMINISTRADOR','01/04/2019',NULL,NULL);
INSERT INTO SOCIOS VALUES
(INCREMENTO_IDSOCIOS.NEXTVAL,'Maria','Perez','25/01/1980','69852014H','945101012','maria@gmail.com','ADMINISTRADOR','06/08/2019',NULL,NULL);
INSERT INTO SOCIOS VALUES
(INCREMENTO_IDSOCIOS.NEXTVAL,'Sara','Lopez','12/08/2000','98512354T','945101013','sara@gmail.com','USUARIO','09/04/2019',NULL,NULL);
INSERT INTO SOCIOS VALUES
(INCREMENTO_IDSOCIOS.NEXTVAL,'Andres','Garcia','16/07/2010',null,null,null,'USUARIO','15/05/2019',NULL,'2');
INSERT INTO SOCIOS VALUES
(INCREMENTO_IDSOCIOS.NEXTVAL,'Jesus','Rodriguez','19/04/1990','95874526D','945101014','jesus@gmail.com','USUARIO','16/07/2019',NULL,NULL);
INSERT INTO SOCIOS VALUES
(INCREMENTO_IDSOCIOS.NEXTVAL,'Ramon','Ruiz','03/02/1985','36521458J','945101015','ramon@gmail.com','USUARIO','25/08/2019',NULL,NULL);
INSERT INTO SOCIOS VALUES
(INCREMENTO_IDSOCIOS.NEXTVAL,'Alvaro','Alonso','04/06/1984','65824558Y','945101016','alvaro@gmail.com','USUARIO','16/09/2019',NULL,NULL);
INSERT INTO SOCIOS VALUES
(INCREMENTO_IDSOCIOS.NEXTVAL,'Beatriz','Blanco','29/04/2000','36580451E','945101017','beatriz@gmail.com','USUARIO','05/06/2019','31/12/2019',NULL);
INSERT INTO SOCIOS VALUES
(INCREMENTO_IDSOCIOS.NEXTVAL,'Emilio','Moreno','15/10/1999','95214560Y','945101018','emilio@gmail.com','USUARIO','09/05/2019',NULL,NULL);
INSERT INTO SOCIOS VALUES
(INCREMENTO_IDSOCIOS.NEXTVAL,'Amparo','Fernandez','01/05/1975','14785236F','945101019','amparo@gmail.com','ADMINISTRADOR','01/04/2019',NULL,NULL);
INSERT INTO SOCIOS VALUES
(INCREMENTO_IDSOCIOS.NEXTVAL,'Alex','Garrido','06/05/1968','36985214G','945101020','alex@gmail.com','ADMINISTRADOR','01/04/2019',NULL,NULL);
INSERT INTO SOCIOS VALUES
(INCREMENTO_IDSOCIOS.NEXTVAL,'Antonio','Morales','12/11/1969','65485214H','945101021','antonio@gmail.com','ADMINISTRADOR','01/04/2019',NULL,NULL);
INSERT INTO SOCIOS VALUES
(INCREMENTO_IDSOCIOS.NEXTVAL,'Nadia','Vega','15/11/1970','11223355H','945101022','nadia@gmail.com','ADMINISTRADOR','01/04/2019',NULL,NULL);
INSERT INTO SOCIOS VALUES
(INCREMENTO_IDSOCIOS.NEXTVAL,'Miguel','Lorenzo','16/10/1971','99558632E','945101023','miguel@gmail.com','ADMINISTRADOR','01/04/2019',NULL,NULL);
INSERT INTO SOCIOS VALUES
(INCREMENTO_IDSOCIOS.NEXTVAL,'Nuria','Castillo','19/10/1972','66985477W','945101024','Nuria@gmail.com','ADMINISTRADOR','01/04/2019',NULL,NULL);



----------------------------------------DATOS PARA LA TABLA CUOTA------------------------------------


INSERT INTO CUOTA VALUES (INCREMENTO_CUOTAS.nextVal, 50, 35, '2019');
INSERT INTO CUOTA VALUES (INCREMENTO_CUOTAS.NEXTVAL, 55, 40, '2020');


----------------------------------------DATOS PARA LA TABLA TIPO_ACTIVIDAD----------------------------


INSERT INTO TIPO_ACTIVIDAD VALUES(1, 'SALIDA AL MONTE');
INSERT INTO TIPO_ACTIVIDAD VALUES(2, 'ALBERGUE FIN DE SEMANA');
INSERT INTO TIPO_ACTIVIDAD VALUES(3, 'REUNION');
INSERT INTO TIPO_ACTIVIDAD VALUES(4, 'COMIDA');
INSERT INTO TIPO_ACTIVIDAD VALUES(5, 'OTROS');

----------------------------------------DATOS PARA LA TABLA DIFICULTAD----------------------------

INSERT INTO DIFICULTAD VALUES('ALTA');
INSERT INTO DIFICULTAD VALUES('MEDIA');
INSERT INTO DIFICULTAD VALUES('BAJA');


