
----------------------------------------DATOS PARA LA TABLA PERFIL----------------------------

INSERT INTO PERFIL VALUES ( 'ADMINISTRADOR');
INSERT INTO PERFIL VALUES ('USUARIO');


----------------------------------------DATOS PARA LA TABLA SOCIO----------------------------
INSERT INTO SOCIO VALUES(INCREMENTO_IDSOCIOS.NEXTVAL,'Juan', 'Sanchez','05/06/1965','12345789M','945101010','juan@gmail.com','01/04/2019', NULL,'ADMINISTRADOR', NULL);
INSERT INTO SOCIO VALUES(INCREMENTO_IDSOCIOS.NEXTVAL,'Ana','Santos','15/03/1975','96508742D','945101011','ana@gmail.com','01/04/2019',NULL,'ADMINISTRADOR',NULL);
INSERT INTO SOCIO VALUES(INCREMENTO_IDSOCIOS.NEXTVAL,'Maria','Perez','25/01/1980','69852014H','945101012','maria@gmail.com','06/08/2019',NULL,'ADMINISTRADOR',NULL);
INSERT INTO SOCIO VALUES(INCREMENTO_IDSOCIOS.NEXTVAL,'Sara','Lopez','12/08/2000','98512354T','945101013','sara@gmail.com','09/04/2019',NULL,'USUARIO',NULL);
INSERT INTO SOCIO VALUES(INCREMENTO_IDSOCIOS.NEXTVAL,'Andres','Garcia','16/07/2010',null,null,null,'15/05/2019',NULL,'USUARIO','2');
INSERT INTO SOCIO VALUES(INCREMENTO_IDSOCIOS.NEXTVAL,'Jesus','Rodriguez','19/04/1990','95874526D','945101014','jesus@gmail.com','16/07/2019',NULL,'USUARIO',NULL);
INSERT INTO SOCIO VALUES(INCREMENTO_IDSOCIOS.NEXTVAL,'Ramon','Ruiz','03/02/1985','36521458J','945101015','ramon@gmail.com','25/08/2019',NULL,'USUARIO',NULL);
INSERT INTO SOCIO VALUES(INCREMENTO_IDSOCIOS.NEXTVAL,'Alvaro','Alonso','04/06/1984','65824558Y','945101016','alvaro@gmail.com','16/09/2019',NULL,'USUARIO',NULL);
INSERT INTO SOCIO VALUES(INCREMENTO_IDSOCIOS.NEXTVAL,'Beatriz','Blanco','29/04/2000','36580451E','945101017','beatriz@gmail.com','05/06/2019','31/12/2019','USUARIO',NULL);
INSERT INTO SOCIO VALUES(INCREMENTO_IDSOCIOS.NEXTVAL,'Emilio','Moreno','15/10/1999','95214560Y','945101018','emilio@gmail.com','09/05/2019',NULL,'USUARIO',NULL);
INSERT INTO SOCIO VALUES(INCREMENTO_IDSOCIOS.NEXTVAL,'Amparo','Fernandez','01/05/1975','14785236F','945101019','amparo@gmail.com','01/04/2019',NULL,'ADMINISTRADOR',NULL);
INSERT INTO SOCIO VALUES(INCREMENTO_IDSOCIOS.NEXTVAL,'Alex','Garrido','06/05/1968','36985214G','945101020','alex@gmail.com','01/04/2019',NULL,'ADMINISTRADOR',NULL);
INSERT INTO SOCIO VALUES(INCREMENTO_IDSOCIOS.NEXTVAL,'Antonio','Morales','12/11/1969','65485214H','945101021','antonio@gmail.com','01/04/2019',NULL,'ADMINISTRADOR',NULL);
INSERT INTO SOCIO VALUES(INCREMENTO_IDSOCIOS.NEXTVAL,'Nadia','Vega','15/11/1970','11223355H','945101022','nadia@gmail.com','01/04/2019',NULL,'ADMINISTRADOR',NULL);
INSERT INTO SOCIO VALUES(INCREMENTO_IDSOCIOS.NEXTVAL,'Miguel','Lorenzo','16/10/1971','99558632E','945101023','miguel@gmail.com','01/04/2019',NULL,'ADMINISTRADOR',NULL);
INSERT INTO SOCIO VALUES(INCREMENTO_IDSOCIOS.NEXTVAL,'Nuria','Castillo','19/10/1972','66985477W','945101024','Nuria@gmail.com','01/04/2019',NULL,'ADMINISTRADOR',NULL);


----------------------------------------DATOS PARA LA TABLA CUOTA------------------------------------


INSERT INTO CUOTA VALUES (INCREMENTO_CUOTAS.nextVal, 50, 35, '31/12/2019');
INSERT INTO CUOTA VALUES (INCREMENTO_CUOTAS.NEXTVAL, 55, 40, '31/12/2020');


----------------------------------------DATOS PARA LA TABLA TIPO_ACTIVIDAD----------------------------


INSERT INTO TIPOACTIVIDAD VALUES(1, 'SALIDA AL MONTE');
INSERT INTO TIPOACTIVIDAD VALUES(2, 'ALBERGUE FIN DE SEMANA');
INSERT INTO TIPOACTIVIDAD VALUES(3, 'REUNION');
INSERT INTO TIPOACTIVIDAD VALUES(4, 'COMIDA');
INSERT INTO TIPOACTIVIDAD VALUES(5, 'OTROS');

----------------------------------------DATOS PARA LA TABLA DIFICULTAD----------------------------

INSERT INTO DIFICULTAD VALUES('ALTA');
INSERT INTO DIFICULTAD VALUES('MEDIA');
INSERT INTO DIFICULTAD VALUES('BAJA');

----------------------------------------DATOS PARA LA TABLA CUOTAPAGADA----------------------------

INSERT INTO CUOTAPAGADA VALUES (40,23,'15/05/2019','Si');
INSERT INTO CUOTAPAGADA VALUES (41,23,'25/04/2019','Si');
INSERT INTO CUOTAPAGADA VALUES (42,23,'15/04/2019','Si');
INSERT INTO CUOTAPAGADA VALUES (43,23,'03/05/2019','Si');
INSERT INTO CUOTAPAGADA VALUES (44,23,'08/04/2019','Si');
INSERT INTO CUOTAPAGADA VALUES (45,23,'14/05/2019','Si');
INSERT INTO CUOTAPAGADA VALUES (46,23,'03/04/2019','Si');
INSERT INTO CUOTAPAGADA VALUES (47,23,'12/05/2019','Si');
INSERT INTO CUOTAPAGADA VALUES (48,23,'06/05/2019','Si');
INSERT INTO CUOTAPAGADA VALUES (49,23,'13/05/2019','Si');
INSERT INTO CUOTAPAGADA VALUES (50,23,'14/01/2019','Si');
INSERT INTO CUOTAPAGADA VALUES (51,23,'26/04/2019','Si');
INSERT INTO CUOTAPAGADA VALUES (52,23,'03/05/2019','Si');
INSERT INTO CUOTAPAGADA VALUES (53,23,'05/04/2019','Si');
INSERT INTO CUOTAPAGADA VALUES (54,23,'05/02/2019','Si');
INSERT INTO CUOTAPAGADA VALUES (55,23,'06/03/2019','Si');



----------------------------------------DATOS PARA LA TABLA JUNTA----------------------------

INSERT INTO JUNTA VALUES(INCREMENTO_JUNTAS.NEXTVAL, 40,41,42,50,41,52,53,54,55, '25/07/2019', '31/08/2019' );

----------------------------------------DATOS PARA LA TABLA ACTIVIDAD----------------------------

INSERT INTO ACTIVIDAD VALUES(INCREMENTO_IDACTIVIDAD.NEXTVAL, 'MARCHA POR EL CAMPO GORBEIA', '30/07/2019', 50, 'NO', NULL, 'MEDIA', 42, 1);

----------------------------------------DATOS PARA LA TABLA ACTIVIDADJUNTA----------------------------
INSERT INTO ACTIVIDADJUNTA VALUES (0,0);


----------------------------------------DATOS PARA LA TABLA SOCIOPARTICIPA----------------------------

INSERT INTO SOCIOPARTICIPA VALUES(0, 40);
INSERT INTO SOCIOPARTICIPA VALUES(0, 42);
INSERT INTO SOCIOPARTICIPA VALUES(0, 44);
INSERT INTO SOCIOPARTICIPA VALUES(0, 45);
INSERT INTO SOCIOPARTICIPA VALUES(0, 47);
INSERT INTO SOCIOPARTICIPA VALUES(0, 52);
